what,kind,bundleId,bundleVersion,description,time
started,bundle,org.eclipse.ui.views,3.6.0.v20110928-1505,"org.eclipse.ui.views",1442044205182
started,bundle,org.eclipse.ui.workbench,3.7.1.v20120104-1859,"org.eclipse.ui.workbench",1442044205202
started,bundle,org.eclipse.ui.workbench.texteditor,3.7.0.v20110928-1504,"org.eclipse.ui.workbench.texteditor",1442044205203
started,bundle,org.eclipse.update.scheduler,3.2.300.v20100512,"org.eclipse.update.scheduler",1442044205204
started,bundle,org.eclipse.wst.common.project.facet.core,1.4.201.v201201101553,"org.eclipse.wst.common.project.facet.core",1442044205206
started,bundle,org.eclipse.wst.web,1.1.501.v201201190400,"org.eclipse.wst.web",1442044205207
started,bundle,org.eclipse.mylyn.bugzilla.core,3.8.4.v20130429-0100,"org.eclipse.mylyn.bugzilla.core",1442044205209
started,bundle,org.eclipse.mylyn.bugzilla.ui,3.8.4.v20130429-0100,"org.eclipse.mylyn.bugzilla.ui",1442044205210
started,bundle,org.eclipse.mylyn.commons.core,3.8.4.v20130429-0100,"org.eclipse.mylyn.commons.core",1442044205212
started,bundle,org.eclipse.mylyn.commons.net,3.8.4.v20130429-0100,"org.eclipse.mylyn.commons.net",1442044205212
started,bundle,org.eclipse.mylyn.commons.notifications.core,1.0.4.v20130429-0100,"org.eclipse.mylyn.commons.notifications.core",1442044205213
started,bundle,org.eclipse.mylyn.commons.notifications.feed,1.0.4.v20130429-0100,"org.eclipse.mylyn.commons.notifications.feed",1442044205215
started,bundle,org.eclipse.mylyn.commons.ui,3.8.4.v20130429-0100,"org.eclipse.mylyn.commons.ui",1442044205216
started,bundle,org.eclipse.mylyn.commons.workbench,3.8.4.v20130429-0100,"org.eclipse.mylyn.commons.workbench",1442044205217
started,bundle,org.eclipse.mylyn.context.core,3.8.4.v20130429-0100,"org.eclipse.mylyn.context.core",1442044205219
started,bundle,org.eclipse.mylyn.context.tasks.ui,3.8.4.v20130429-0100,"org.eclipse.mylyn.context.tasks.ui",1442044205221
started,bundle,org.eclipse.mylyn.monitor.ui,3.8.4.v20130429-0100,"org.eclipse.mylyn.monitor.ui",1442044205222
started,bundle,org.eclipse.mylyn.tasks.ui,3.8.4.v20130429-0100,"org.eclipse.mylyn.tasks.ui",1442044205261
os,sysinfo,,,"win32",1442044205269
arch,sysinfo,,,"x86_64",1442044205269
ws,sysinfo,,,"win32",1442044205269
locale,sysinfo,,,"en_US",1442044205269
processors,sysinfo,,,"4",1442044205269
java.runtime.name,sysinfo,,,"Java(TM) SE Runtime Environment",1442044205269
java.runtime.version,sysinfo,,,"1.7.0_71-b14",1442044205269
java.specification.name,sysinfo,,,"Java Platform API Specification",1442044205269
java.specification.vendor,sysinfo,,,"Oracle Corporation",1442044205269
java.specification.version,sysinfo,,,"1.7",1442044205269
java.vendor,sysinfo,,,"Oracle Corporation",1442044205269
java.version,sysinfo,,,"1.7.0_71",1442044205269
java.vm.info,sysinfo,,,"mixed mode",1442044205269
java.vm.name,sysinfo,,,"Java HotSpot(TM) 64-Bit Server VM",1442044205269
java.vm.specification.name,sysinfo,,,"Java Virtual Machine Specification",1442044205269
java.vm.specification.vendor,sysinfo,,,"Oracle Corporation",1442044205269
java.vm.specification.version,sysinfo,,,"1.7",1442044205269
java.vm.vendor,sysinfo,,,"Oracle Corporation",1442044205269
java.vm.version,sysinfo,,,"24.71-b01",1442044205269
started,bundle,org.eclipse.wst.common.frameworks,1.2.102.v201201190400,"org.eclipse.wst.common.frameworks",1442044205545
started,bundle,org.eclipse.jst.common.frameworks,1.1.501.v201201190400,"org.eclipse.jst.common.frameworks",1442044205546
started,bundle,org.eclipse.update.configurator,3.3.100.v20100512,"org.eclipse.update.configurator",1442044205552
started,bundle,org.eclipse.update.core,3.2.500.v20110330,"org.eclipse.update.core",1442044205587
started,bundle,org.eclipse.emf.common,2.7.0.v20120127-1122,"org.eclipse.emf.common",1442044205645
started,bundle,org.eclipse.wst.server.core,1.1.304.v20120208_1420,"org.eclipse.wst.server.core",1442044205728
started,bundle,org.jboss.ide.eclipse.as.core,2.3.2.v20130112-0201-H153-Final,"org.jboss.ide.eclipse.as.core",1442044205818
started,bundle,org.eclipse.wst.server.ui,1.3.0.v20120210_1439,"org.eclipse.wst.server.ui",1442044206140
started,bundle,org.eclipse.jst.server.core,1.2.202.v20110419,"org.eclipse.jst.server.core",1442044206541
started,bundle,org.eclipse.jst.server.tomcat.core,1.1.301.v20111010_1242,"org.eclipse.jst.server.tomcat.core",1442044206543
started,bundle,org.eclipse.emf.ecore,2.7.0.v20120127-1122,"org.eclipse.emf.ecore",1442044206566
started,bundle,org.eclipse.wst.common.emf,1.2.100.v201101101900,"org.eclipse.wst.common.emf",1442044206614
started,bundle,org.eclipse.jem.util,2.1.100.v201103021400,"org.eclipse.jem.util",1442044206677
started,bundle,org.eclipse.emf.ecore.xmi,2.7.0.v20120127-1122,"org.eclipse.emf.ecore.xmi",1442044206732
started,bundle,org.eclipse.wst.common.emfworkbench.integration,1.2.101.v201107140600,"org.eclipse.wst.common.emfworkbench.integration",1442044206733
started,bundle,org.eclipse.wst.common.core,1.2.0.v200908252030,"org.eclipse.wst.common.core",1442044206933
started,bundle,org.eclipse.jdt.debug,3.7.1.v20111006_r372,"org.eclipse.jdt.debug",1442044207002
started,bundle,org.eclipse.debug.core,3.7.1.v20111129-2031,"org.eclipse.debug.core",1442044207004
started,bundle,org.eclipse.wst.common.modulecore,1.2.103.v201201190400,"org.eclipse.wst.common.modulecore",1442044207007
started,bundle,org.eclipse.jst.j2ee.web,1.1.502.v201202090300,"org.eclipse.jst.j2ee.web",1442044207029
started,bundle,org.jboss.ide.eclipse.as.ui,2.3.2.v20130112-0201-H153-Final,"org.jboss.ide.eclipse.as.ui",1442044207067
started,bundle,org.eclipse.mylyn.team.ui,3.8.4.v20130429-0100,"org.eclipse.mylyn.team.ui",1442044207091
started,bundle,org.jboss.tools.usage,1.1.0.v20130102-1715-H74-Final,"org.jboss.tools.usage",1442044207252
started,bundle,org.eclipse.jst.j2ee.core,1.2.102.v201202090300,"org.eclipse.jst.j2ee.core",1442044207553
started,bundle,org.eclipse.jem,2.0.501.v201111030500,"org.eclipse.jem",1442044207653
started,bundle,org.eclipse.jst.common.project.facet.core,1.4.200.v201103170302,"org.eclipse.jst.common.project.facet.core",1442044207850
started,bundle,org.eclipse.wst.common.frameworks.ui,1.2.100.v201105122000,"org.eclipse.wst.common.frameworks.ui",1442044207876
started,bundle,org.eclipse.jst.ws.jaxrs.core,1.0.301.v201108240656,"org.eclipse.jst.ws.jaxrs.core",1442044207935
started,bundle,org.eclipse.wst.xml.core,1.1.602.v201201091944,"org.eclipse.wst.xml.core",1442044207982
started,bundle,org.eclipse.wst.validation,1.2.303.v201202090300,"org.eclipse.wst.validation",1442044208049
started,bundle,org.eclipse.jst.j2ee,1.1.503.v201202090300,"org.eclipse.jst.j2ee",1442044208131
started,bundle,org.eclipse.jdt.launching,3.6.1.v20111006_r372,"org.eclipse.jdt.launching",1442044208272
started,bundle,org.eclipse.jem.workbench,2.0.400.v201104251400,"org.eclipse.jem.workbench",1442044208560
started,bundle,org.eclipse.jsch.core,1.1.300.I20110514-0800,"org.eclipse.jsch.core",1442044208919
started,bundle,org.eclipse.team.cvs.core,3.3.400.I20110510-0800,"org.eclipse.team.cvs.core",1442044208920
started,bundle,org.eclipse.jpt.common.core,1.0.2.v201111103010,"org.eclipse.jpt.common.core",1442044208935
started,bundle,org.eclipse.jpt.jpa.core,3.0.2.v201201243020,"org.eclipse.jpt.jpa.core",1442044208948
started,bundle,org.eclipse.team.ui,3.6.101.R37x_v20111109-0800,"org.eclipse.team.ui",1442044209160
started,bundle,org.eclipse.ui.console,3.5.100.v20111007_r372,"org.eclipse.ui.console",1442044209306
started,bundle,org.eclipse.team.cvs.ui,3.3.401.v20120126-1227,"org.eclipse.team.cvs.ui",1442044209557
deactivated,workbench,org.eclipse.ui.workbench,3.7.1.v20120104-1859,"",1442044219845
activated,workbench,org.eclipse.ui.workbench,3.7.1.v20120104-1859,"",1442044219983
deactivated,workbench,org.eclipse.ui.workbench,3.7.1.v20120104-1859,"",1442044220436
activated,workbench,org.eclipse.ui.workbench,3.7.1.v20120104-1859,"",1442044241925
started,bundle,org.eclipse.wst.sse.ui,1.3.2.v201201041522,"org.eclipse.wst.sse.ui",1442044245087
started,bundle,org.eclipse.wst.sse.core,1.1.602.v201112071516,"org.eclipse.wst.sse.core",1442044245149
started,bundle,org.eclipse.wst.xml.ui,1.1.202.v201112071516,"org.eclipse.wst.xml.ui",1442044245277
started,bundle,org.eclipse.wst.html.ui,1.0.602.v201202091936,"org.eclipse.wst.html.ui",1442044245288
started,bundle,org.eclipse.jst.jsp.ui,1.1.602.v201112071516,"org.eclipse.jst.jsp.ui",1442044245291
started,bundle,org.eclipse.jst.jsp.core,1.2.402.v201112071853,"org.eclipse.jst.jsp.core",1442044245655
started,bundle,org.eclipse.wst.html.core,1.1.502.v201202091936,"org.eclipse.wst.html.core",1442044245942
started,bundle,org.eclipse.jst.jee,1.0.402.v201202021530,"org.eclipse.jst.jee",1442044246179
started,bundle,org.eclipse.debug.ui,3.7.102.v20111129-1423_r372,"org.eclipse.debug.ui",1442044248005
started,bundle,org.eclipse.wst.common.uriresolver,1.1.401.v201004280700,"org.eclipse.wst.common.uriresolver",1442044248322
started,bundle,org.eclipse.wst.css.core,1.1.501.v201111292150,"org.eclipse.wst.css.core",1442044248443
started,bundle,org.jboss.ide.eclipse.as.ui.mbeans,2.3.2.v20130112-0201-H153-Final,"org.jboss.ide.eclipse.as.ui.mbeans",1442044249195
started,bundle,org.eclipse.wst.jsdt.web.support.jsp,1.0.400.v201102241833,"org.eclipse.wst.jsdt.web.support.jsp",1442044249425
started,bundle,org.eclipse.wst.jsdt.web.ui,1.0.401.v201108152113,"org.eclipse.wst.jsdt.web.ui",1442044249602
started,bundle,org.eclipse.wst.css.ui,1.0.601.v201201101544,"org.eclipse.wst.css.ui",1442044250027
started,bundle,org.eclipse.wst.jsdt.core,1.1.102.v201111090634,"org.eclipse.wst.jsdt.core",1442044251633
started,bundle,org.eclipse.wst.jsdt.manipulation,1.0.300.v201104272153,"org.eclipse.wst.jsdt.manipulation",1442044251781
started,bundle,org.eclipse.wst.jsdt.ui,1.1.102.v201201131900,"org.eclipse.wst.jsdt.ui",1442044251809
started,bundle,org.eclipse.wst.dtd.ui,1.0.600.v201103171359,"org.eclipse.wst.dtd.ui",1442044252040
started,bundle,org.eclipse.wst.jsdt.web.core,1.0.401.v201108152113,"org.eclipse.wst.jsdt.web.core",1442044252140
opened,editor,org.eclipse.jst.jsp.ui,1.1.602.v201112071516,"org.eclipse.jst.jsp.core.jspsource.source",1442044252610
started,bundle,org.eclipse.wst.jsdt.debug.ui,1.0.101.v201201112313,"org.eclipse.wst.jsdt.debug.ui",1442044255633
activated,editor,org.eclipse.jst.jsp.ui,1.1.602.v201112071516,"org.eclipse.jst.jsp.core.jspsource.source",1442044255684
started,bundle,org.eclipse.jdt.apt.core,3.3.500.v20110420-1015,"org.eclipse.jdt.apt.core",1442044257694
started,bundle,org.eclipse.jdt.apt.pluggable.core,1.0.400.v20110305-1450,"org.eclipse.jdt.apt.pluggable.core",1442044257720
started,bundle,org.eclipse.wst.dtd.core,1.1.501.v201107252021,"org.eclipse.wst.dtd.core",1442044258115
started,bundle,org.eclipse.jst.jsf.common,1.2.3.v201104061039,"org.eclipse.jst.jsf.common",1442044258285
started,bundle,org.eclipse.jst.jsf.core,1.3.105.v201108261005,"org.eclipse.jst.jsf.core",1442044258358
started,bundle,org.eclipse.wst.wsdl.validation,1.1.502.v201104071820,"org.eclipse.wst.wsdl.validation",1442044258490
started,bundle,org.eclipse.wst.xsd.core,1.1.600.v201104070312,"org.eclipse.wst.xsd.core",1442044258560
started,bundle,org.jboss.ide.eclipse.archives.core,3.3.1.v20130102-1730-H94-Final,"org.jboss.ide.eclipse.archives.core",1442044258624
started,bundle,org.eclipse.wst.xsl.core,1.1.100.v201102270516,"org.eclipse.wst.xsl.core",1442044258647
started,bundle,org.jboss.ide.eclipse.archives.webtools,2.3.2.v20130112-0201-H153-Final,"org.jboss.ide.eclipse.archives.webtools",1442044258778
started,bundle,org.jboss.ide.eclipse.as.wtp.core,2.3.2.v20130112-0201-H153-Final,"org.jboss.ide.eclipse.as.wtp.core",1442044258781
started,bundle,org.eclipse.pde.core,3.7.1.v20120103_r372,"org.eclipse.pde.core",1442044259043
started,bundle,org.eclipse.jst.jee.ui,1.0.401.v201202011107,"org.eclipse.jst.jee.ui",1442044259219
started,bundle,org.eclipse.jst.j2ee.ejb,1.1.505.v201202020200,"org.eclipse.jst.j2ee.ejb",1442044259333
started,bundle,org.eclipse.jst.j2ee.jca,1.1.501.v201111030500,"org.eclipse.jst.j2ee.jca",1442044259343
started,bundle,org.eclipse.jst.jee.ejb,1.0.301.v201007070821,"org.eclipse.jst.jee.ejb",1442044259397
started,bundle,org.eclipse.jst.jee.web,1.0.301.v201007070907,"org.eclipse.jst.jee.web",1442044259405
started,bundle,org.eclipse.xsd,2.7.1.v20120130-0943,"org.eclipse.xsd",1442044259831
started,bundle,org.eclipse.jst.server.generic.core,1.0.700.v20101219,"org.eclipse.jst.server.generic.core",1442044300686
started,bundle,org.eclipse.jst.server.preview.adapter,1.1.100.v20100308,"org.eclipse.jst.server.preview.adapter",1442044300698
started,bundle,org.eclipse.jst.server.tomcat.ui,1.1.200.v20100418,"org.eclipse.jst.server.tomcat.ui",1442044301035
started,bundle,org.eclipse.jdt.debug.ui,3.6.1.v20111006_r372,"org.eclipse.jdt.debug.ui",1442044301793
opened,view,org.eclipse.ui.console,3.5.100.v20111007_r372,"org.eclipse.ui.console.ConsoleView",1442044302893
activated,view,org.eclipse.ui.console,3.5.100.v20111007_r372,"org.eclipse.ui.console.ConsoleView",1442044302968
started,bundle,org.eclipse.ui.browser,3.3.101.v20111019-1723,"org.eclipse.ui.browser",1442044309859
opened,editor,org.eclipse.ui.browser,3.3.101.v20111019-1723,"org.eclipse.ui.browser.editor",1442044311174
activated,editor,org.eclipse.ui.browser,3.3.101.v20111019-1723,"org.eclipse.ui.browser.editor",1442044311254
activated,view,org.eclipse.ui.console,3.5.100.v20111007_r372,"org.eclipse.ui.console.ConsoleView",1442044312891
activated,editor,org.eclipse.ui.browser,3.3.101.v20111019-1723,"org.eclipse.ui.browser.editor",1442044336856
no handler,command,org.eclipse.ui,3.7.0.v20110928-1505,"org.eclipse.ui.edit.copy",1442044355988
no handler,command,org.eclipse.ui,3.7.0.v20110928-1505,"org.eclipse.ui.edit.copy",1442044355989
deactivated,workbench,org.eclipse.ui.workbench,3.7.1.v20120104-1859,"",1442044357823
started,bundle,org.eclipse.equinox.p2.garbagecollector,1.0.200.v20110815-1419,"org.eclipse.equinox.p2.garbagecollector",1442044556907
activated,workbench,org.eclipse.ui.workbench,3.7.1.v20120104-1859,"",1442047615402
activated,editor,org.eclipse.jst.jsp.ui,1.1.602.v201112071516,"org.eclipse.jst.jsp.core.jspsource.source",1442047619642
closed,editor,org.eclipse.ui.browser,3.3.101.v20111019-1723,"org.eclipse.ui.browser.editor",1442047619643
deactivated,workbench,org.eclipse.ui.workbench,3.7.1.v20120104-1859,"",1442047623622
activated,workbench,org.eclipse.ui.workbench,3.7.1.v20120104-1859,"",1442047625435
started,bundle,org.eclipse.wst.jsdt.debug.core,2.0.101.v201201112313,"org.eclipse.wst.jsdt.debug.core",1442047626173
closed,workbench,org.eclipse.ui.workbench,3.7.1.v20120104-1859,"",1442047626610
started,bundle,org.eclipse.compare,3.5.202.R37x_v20111109-0800,"org.eclipse.compare",1442047627623
stopped,bundle,org.eclipse.jst.ws.axis.creation.ui,1.0.700.v201104070312,"org.eclipse.jst.ws.axis.creation.ui",1442047628529
stopped,bundle,org.eclipse.jst.ws.axis.consumption.ui,1.0.505.v201004211805,"org.eclipse.jst.ws.axis.consumption.ui",1442047628539
stopped,bundle,org.eclipse.jst.ws.axis.consumption.core,1.0.407.v201104071820,"org.eclipse.jst.ws.axis.consumption.core",1442047628541
stopped,bundle,org.eclipse.jst.ws.axis2.creation.ui,1.0.104.v201004211805,"org.eclipse.jst.ws.axis2.creation.ui",1442047628543
stopped,bundle,org.eclipse.jst.ws.axis2.consumption.ui,1.0.103.v201004211805,"org.eclipse.jst.ws.axis2.consumption.ui",1442047628545
stopped,bundle,org.eclipse.jst.ws.axis2.creation.core,1.0.106.v201004211805,"org.eclipse.jst.ws.axis2.creation.core",1442047628548
stopped,bundle,org.eclipse.jst.ws.axis2.consumption.core,1.0.105.v201004211805,"org.eclipse.jst.ws.axis2.consumption.core",1442047628549
stopped,bundle,org.eclipse.jst.ws.axis2.ui,1.0.303.v201003110431,"org.eclipse.jst.ws.axis2.ui",1442047628599
stopped,bundle,org.eclipse.jst.ws.axis2.core,1.0.204.v201004211805,"org.eclipse.jst.ws.axis2.core",1442047628602
stopped,bundle,org.eclipse.jst.ws.cxf.creation.ui,1.0.100.v201104022153,"org.eclipse.jst.ws.cxf.creation.ui",1442047628618
stopped,bundle,org.eclipse.jst.ws.creation.ui,1.0.609.v201103082016,"org.eclipse.jst.ws.creation.ui",1442047628638
stopped,bundle,org.eclipse.jst.ws.cxf.consumption.ui,1.0.0.v201003222311,"org.eclipse.jst.ws.cxf.consumption.ui",1442047628640
stopped,bundle,org.eclipse.jst.ws.consumption.ui,1.1.402.v201201250306,"org.eclipse.jst.ws.consumption.ui",1442047628715
stopped,bundle,org.eclipse.jst.ws.consumption,1.0.603.v201202012024,"org.eclipse.jst.ws.consumption",1442047628770
stopped,bundle,org.eclipse.jst.ws.cxf.consumption.core,1.0.0.v201003222311,"org.eclipse.jst.ws.cxf.consumption.core",1442047628782
stopped,bundle,org.eclipse.jst.ws.cxf.creation.core,1.0.100.v201104022153,"org.eclipse.jst.ws.cxf.creation.core",1442047628784
activated,perspective,org.eclipse.jst.j2ee.ui,,"org.eclipse.jst.j2ee.J2EEPerspective",1442047678495
started,bundle,org.eclipse.osgi,3.7.2.v20120110-1415,"org.eclipse.osgi",1442047678497
started,bundle,org.eclipse.equinox.simpleconfigurator,1.0.200.v20110815-1438,"org.eclipse.equinox.simpleconfigurator",1442047678498
started,bundle,com.ibm.icu,4.4.2.v20110823,"com.ibm.icu",1442047678499
started,bundle,org.eclipse.compare.core,3.5.200.I20110208-0800,"org.eclipse.compare.core",1442047678501
started,bundle,org.eclipse.core.contenttype,3.4.100.v20110423-0524,"org.eclipse.core.contenttype",1442047678502
started,bundle,org.eclipse.core.databinding.observable,1.4.0.I20110222-0800,"org.eclipse.core.databinding.observable",1442047678503
started,bundle,org.eclipse.core.expressions,3.4.300.v20110228,"org.eclipse.core.expressions",1442047678503
started,bundle,org.eclipse.core.filebuffers,3.5.200.v20110928-1504,"org.eclipse.core.filebuffers",1442047678504
started,bundle,org.eclipse.core.filesystem,1.3.100.v20110423-0524,"org.eclipse.core.filesystem",1442047678567
started,bundle,org.eclipse.core.jobs,3.5.101.v20120113-1953,"org.eclipse.core.jobs",1442047678567
started,bundle,org.eclipse.core.net,1.2.100.I20110511-0800,"org.eclipse.core.net",1442047678569
started,bundle,org.eclipse.core.resources,3.7.101.v20120125-1505,"org.eclipse.core.resources",1442047678569
started,bundle,org.eclipse.core.runtime,3.7.0.v20110110,"org.eclipse.core.runtime",1442047678570
started,bundle,org.eclipse.core.runtime.compatibility,3.2.100.v20100505,"org.eclipse.core.runtime.compatibility",1442047678609
started,bundle,org.eclipse.core.runtime.compatibility.auth,3.2.200.v20110110,"org.eclipse.core.runtime.compatibility.auth",1442047678610
started,bundle,org.eclipse.debug.core,3.7.1.v20111129-2031,"org.eclipse.debug.core",1442047678611
started,bundle,org.eclipse.debug.ui,3.7.102.v20111129-1423_r372,"org.eclipse.debug.ui",1442047678622
started,bundle,org.eclipse.emf.common,2.7.0.v20120127-1122,"org.eclipse.emf.common",1442047678638
started,bundle,org.eclipse.emf.ecore,2.7.0.v20120127-1122,"org.eclipse.emf.ecore",1442047678640
started,bundle,org.eclipse.emf.ecore.xmi,2.7.0.v20120127-1122,"org.eclipse.emf.ecore.xmi",1442047678641
started,bundle,org.eclipse.epp.mpc.ui,1.1.1.I20110907-0947,"org.eclipse.epp.mpc.ui",1442047678642
started,bundle,org.eclipse.epp.usagedata.gathering,1.3.1.R201106061540,"org.eclipse.epp.usagedata.gathering",1442047678642
started,bundle,org.eclipse.epp.usagedata.recording,1.3.1.R201106061540,"org.eclipse.epp.usagedata.recording",1442047678643
started,bundle,org.eclipse.equinox.app,1.3.100.v20110321,"org.eclipse.equinox.app",1442047678643
started,bundle,org.eclipse.equinox.common,3.6.0.v20110523,"org.eclipse.equinox.common",1442047678644
started,bundle,org.eclipse.equinox.ds,1.3.1.R37x_v20110701,"org.eclipse.equinox.ds",1442047678645
started,bundle,org.eclipse.equinox.event,1.2.100.v20110502,"org.eclipse.equinox.event",1442047678646
started,bundle,org.eclipse.equinox.p2.core,2.1.1.v20120113-1346,"org.eclipse.equinox.p2.core",1442047678647
started,bundle,org.eclipse.equinox.p2.directorywatcher,1.0.300.v20110815-1419,"org.eclipse.equinox.p2.directorywatcher",1442047678648
started,bundle,org.eclipse.equinox.p2.engine,2.1.1.R37x_v20111003,"org.eclipse.equinox.p2.engine",1442047678703
started,bundle,org.eclipse.equinox.p2.metadata,2.1.0.v20110815-1419,"org.eclipse.equinox.p2.metadata",1442047678725
started,bundle,org.eclipse.equinox.p2.metadata.repository,1.2.0.v20110815-1419,"org.eclipse.equinox.p2.metadata.repository",1442047678744
started,bundle,org.eclipse.equinox.p2.operations,2.1.1.R37x_v20111111,"org.eclipse.equinox.p2.operations",1442047678745
started,bundle,org.eclipse.equinox.p2.reconciler.dropins,1.1.100.v20110815-1419,"org.eclipse.equinox.p2.reconciler.dropins",1442047678786
started,bundle,org.eclipse.equinox.p2.repository,2.1.1.v20120113-1346,"org.eclipse.equinox.p2.repository",1442047678848
started,bundle,org.eclipse.equinox.p2.ui.sdk.scheduler,1.0.100.v20110815-1419,"org.eclipse.equinox.p2.ui.sdk.scheduler",1442047678849
started,bundle,org.eclipse.equinox.p2.updatechecker,1.1.200.v20110815-1419,"org.eclipse.equinox.p2.updatechecker",1442047678849
started,bundle,org.eclipse.equinox.preferences,3.4.2.v20120111-2020,"org.eclipse.equinox.preferences",1442047678850
started,bundle,org.eclipse.equinox.registry,3.5.101.R37x_v20110810-1611,"org.eclipse.equinox.registry",1442047678851
started,bundle,org.eclipse.equinox.security,1.1.1.R37x_v20110822-1018,"org.eclipse.equinox.security",1442047678929
started,bundle,org.eclipse.equinox.util,1.0.300.v20110502,"org.eclipse.equinox.util",1442047678931
started,bundle,org.eclipse.help,3.5.100.v20110426,"org.eclipse.help",1442047678932
started,bundle,org.eclipse.jdt.core,3.7.3.v20120119-1537,"org.eclipse.jdt.core",1442047678933
started,bundle,org.eclipse.jdt.core.manipulation,1.4.0.v20110928-1453,"org.eclipse.jdt.core.manipulation",1442047678934
started,bundle,org.eclipse.jdt.debug,3.7.1.v20111006_r372,"org.eclipse.jdt.debug",1442047678978
started,bundle,org.eclipse.jdt.launching,3.6.1.v20111006_r372,"org.eclipse.jdt.launching",1442047678979
started,bundle,org.eclipse.jdt.ui,3.7.2.v20120109-1427,"org.eclipse.jdt.ui",1442047678989
started,bundle,org.eclipse.jem,2.0.501.v201111030500,"org.eclipse.jem",1442047679011
started,bundle,org.eclipse.jem.util,2.1.100.v201103021400,"org.eclipse.jem.util",1442047679012
started,bundle,org.eclipse.jem.workbench,2.0.400.v201104251400,"org.eclipse.jem.workbench",1442047679013
started,bundle,org.eclipse.jface,3.7.0.v20110928-1505,"org.eclipse.jface",1442047679020
started,bundle,org.eclipse.jpt.common.core,1.0.2.v201111103010,"org.eclipse.jpt.common.core",1442047679021
started,bundle,org.eclipse.jpt.jpa.core,3.0.2.v201201243020,"org.eclipse.jpt.jpa.core",1442047679148
started,bundle,org.eclipse.jst.common.frameworks,1.1.501.v201201190400,"org.eclipse.jst.common.frameworks",1442047679149
started,bundle,org.eclipse.jst.common.project.facet.core,1.4.200.v201103170302,"org.eclipse.jst.common.project.facet.core",1442047679161
started,bundle,org.eclipse.jst.j2ee,1.1.503.v201202090300,"org.eclipse.jst.j2ee",1442047679162
started,bundle,org.eclipse.jst.j2ee.core,1.2.102.v201202090300,"org.eclipse.jst.j2ee.core",1442047679163
started,bundle,org.eclipse.jst.j2ee.web,1.1.502.v201202090300,"org.eclipse.jst.j2ee.web",1442047679175
started,bundle,org.eclipse.jst.jee,1.0.402.v201202021530,"org.eclipse.jst.jee",1442047679176
started,bundle,org.eclipse.jst.jsp.core,1.2.402.v201112071853,"org.eclipse.jst.jsp.core",1442047679177
started,bundle,org.eclipse.jst.jsp.ui,1.1.602.v201112071516,"org.eclipse.jst.jsp.ui",1442047679178
started,bundle,org.eclipse.jst.server.core,1.2.202.v20110419,"org.eclipse.jst.server.core",1442047679227
started,bundle,org.eclipse.jst.server.tomcat.core,1.1.301.v20111010_1242,"org.eclipse.jst.server.tomcat.core",1442047679251
started,bundle,org.eclipse.jst.ws.jaxrs.core,1.0.301.v201108240656,"org.eclipse.jst.ws.jaxrs.core",1442047679252
started,bundle,org.eclipse.jst.ws.jaxws.utils,1.0.100.v201201031437,"org.eclipse.jst.ws.jaxws.utils",1442047679252
started,bundle,org.eclipse.team.core,3.6.0.I20110525-0800,"org.eclipse.team.core",1442047679253
started,bundle,org.eclipse.ui,3.7.0.v20110928-1505,"org.eclipse.ui",1442047679280
started,bundle,org.eclipse.ui.editors,3.7.0.v20110928-1504,"org.eclipse.ui.editors",1442047679280
started,bundle,org.eclipse.ui.forms,3.5.101.v20111011-1919,"org.eclipse.ui.forms",1442047679281
started,bundle,org.eclipse.ui.ide,3.7.0.v20110928-1505,"org.eclipse.ui.ide",1442047679294
started,bundle,org.eclipse.ui.net,1.2.100.v20111208-1155,"org.eclipse.ui.net",1442047679295
started,bundle,org.eclipse.ui.views,3.6.0.v20110928-1505,"org.eclipse.ui.views",1442047679296
started,bundle,org.eclipse.ui.workbench,3.7.1.v20120104-1859,"org.eclipse.ui.workbench",1442047679350
started,bundle,org.eclipse.ui.workbench.texteditor,3.7.0.v20110928-1504,"org.eclipse.ui.workbench.texteditor",1442047679519
started,bundle,org.eclipse.update.configurator,3.3.100.v20100512,"org.eclipse.update.configurator",1442047679520
started,bundle,org.eclipse.update.core,3.2.500.v20110330,"org.eclipse.update.core",1442047679718
started,bundle,org.eclipse.update.scheduler,3.2.300.v20100512,"org.eclipse.update.scheduler",1442047679719
started,bundle,org.eclipse.wst.common.core,1.2.0.v200908252030,"org.eclipse.wst.common.core",1442047679720
started,bundle,org.eclipse.wst.common.emf,1.2.100.v201101101900,"org.eclipse.wst.common.emf",1442047679721
started,bundle,org.eclipse.wst.common.emfworkbench.integration,1.2.101.v201107140600,"org.eclipse.wst.common.emfworkbench.integration",1442047679722
started,bundle,org.eclipse.wst.common.frameworks,1.2.102.v201201190400,"org.eclipse.wst.common.frameworks",1442047679723
started,bundle,org.eclipse.wst.common.frameworks.ui,1.2.100.v201105122000,"org.eclipse.wst.common.frameworks.ui",1442047679724
started,bundle,org.eclipse.wst.common.modulecore,1.2.103.v201201190400,"org.eclipse.wst.common.modulecore",1442047680020
started,bundle,org.eclipse.wst.common.project.facet.core,1.4.201.v201201101553,"org.eclipse.wst.common.project.facet.core",1442047680021
started,bundle,org.eclipse.wst.common.uriresolver,1.1.401.v201004280700,"org.eclipse.wst.common.uriresolver",1442047680022
started,bundle,org.eclipse.wst.css.core,1.1.501.v201111292150,"org.eclipse.wst.css.core",1442047680023
started,bundle,org.eclipse.wst.css.ui,1.0.601.v201201101544,"org.eclipse.wst.css.ui",1442047680024
started,bundle,org.eclipse.wst.dtd.ui,1.0.600.v201103171359,"org.eclipse.wst.dtd.ui",1442047680025
started,bundle,org.eclipse.wst.html.core,1.1.502.v201202091936,"org.eclipse.wst.html.core",1442047680026
started,bundle,org.eclipse.wst.html.ui,1.0.602.v201202091936,"org.eclipse.wst.html.ui",1442047680027
started,bundle,org.eclipse.wst.jsdt.core,1.1.102.v201111090634,"org.eclipse.wst.jsdt.core",1442047680081
started,bundle,org.eclipse.wst.jsdt.debug.ui,1.0.101.v201201112313,"org.eclipse.wst.jsdt.debug.ui",1442047680082
started,bundle,org.eclipse.wst.jsdt.manipulation,1.0.300.v201104272153,"org.eclipse.wst.jsdt.manipulation",1442047680083
started,bundle,org.eclipse.wst.jsdt.ui,1.1.102.v201201131900,"org.eclipse.wst.jsdt.ui",1442047680449
started,bundle,org.eclipse.wst.jsdt.web.core,1.0.401.v201108152113,"org.eclipse.wst.jsdt.web.core",1442047680450
started,bundle,org.eclipse.wst.jsdt.web.support.jsp,1.0.400.v201102241833,"org.eclipse.wst.jsdt.web.support.jsp",1442047680451
started,bundle,org.eclipse.wst.jsdt.web.ui,1.0.401.v201108152113,"org.eclipse.wst.jsdt.web.ui",1442047680452
started,bundle,org.eclipse.wst.server.core,1.1.304.v20120208_1420,"org.eclipse.wst.server.core",1442047680464
started,bundle,org.eclipse.wst.server.ui,1.3.0.v20120210_1439,"org.eclipse.wst.server.ui",1442047680464
